Company,Change,Open,High,Low,Volume,Market Cap
1-800-FLOWERS.COM INC.,8.03,-0.74%,8.48,8.48,7.57,"1,589,679"
10X GENOMICS INC.,15.00,-0.53%,15.18,15.50,14.80,"1,822,587"
111 INC. ADS,5.82,+1.39%,5.58,5.86,5.57,"31,874"
17 EDUCATION & TECHNOLOGY GROUP,1.90,+0.00%,1.90,1.91,1.90,"3,964"
180 DEGREE CAPITAL,4.01,+0.50%,4.00,4.01,3.91,"37,301"
180 LIFE SCIENCES,1.40,-2.78%,1.47,1.51,1.40,"81,695"
1895 BANCORP OF WISCONSIN INC.,9.79,-1.81%,9.52,9.90,9.52,"3,786"
1ST SOURCE CORP.,62.72,-0.24%,62.57,63.87,62.11,"86,545"
1STDIBS.COM INC.,3.89,+6.58%,3.64,3.92,3.63,"174,733"
22ND CENTURY GROUP INC,4.11,+1.23%,4.05,4.25,4.01,"99,739"
23ANDME HOLDING CO.,3.10,-9.09%,3.37,3.40,3.06,"272,783"
2SEVENTY BIO INC.,2.66,+1.53%,2.66,2.83,2.56,"373,147"
3 E NETWORK TECHNOLOGY GROUP LTD,2.86,-1.72%,2.88,3.07,2.76,"189,641"
36KR HOLDINGS INC. ADS,6.50,-5.93%,7.03,7.32,5.54,"171,601"
374WATER INC.,0.5152,-7.80%,0.5600,0.5737,0.5026,"136,023"
4D MOLECULAR THERAPEUTICS INC.,5.60,+0.00%,5.62,5.64,5.30,"851,454"
5E ADVANCED MATERIALS INC.,0.3950,-1.25%,0.4200,0.4200,0.3812,"72,820"
60 DEGREES PHARMACEUTICALS,0.7263,-9.21%,0.7801,0.8000,0.7000,"1,361,384"
89BIO INC.,9.60,-0.41%,9.85,9.90,9.37,"2,982,656"
8X8 INC,2.80,-4.76%,2.92,3.01,2.78,"622,668"
908 DEVICES INC.,2.50,-2.72%,2.61,2.73,2.48,"229,669"
9F INC. ADS,1.55,+0.65%,1.52,1.58,1.52,"8,451"
A SPAC III ACQUISITION,10.20,+0.00%,10.20,10.20,10.20,500
A SPAC III ACQUISITION,0.1500,+7.14%,0.1500,0.1500,0.1500,373
A-MARK PRECIOUS METALS INC.,28.17,-0.21%,28.23,28.70,27.71,"223,754"
A2Z CUST2MATE SOLUTIONS,7.40,+0.00%,7.40,7.69,7.25,"61,905"
AADI BIOSCIENCE INC.,2.88,+0.00%,2.88,2.98,2.83,"112,567"
AAON INC.,116.38,-0.19%,117.09,118.88,114.39,"913,226"
ABACUS LIFE,27.28,+0.11%,27.28,27.28,27.28,582
ABACUS LIFE INC.,7.79,-1.27%,7.92,8.00,7.70,"294,464"
ABCELLERA BIOLOGICS INC.,3.17,-1.86%,3.26,3.32,3.13,"3,081,877"
ABEONA THERAPEUTICS INC.,5.54,+1.28%,5.47,5.68,5.47,"237,491"
ABITS GROUP INC,0.4640,-9.75%,0.5076,0.5141,0.4640,"20,399"
ABIVAX SA ADS,5.97,+1.19%,6.18,6.18,5.92,"131,390"
ABLE VIEW GLOBAL INC.,1.05,-7.08%,1.13,1.13,1.02,"2,245"
ABOVE FOOD INGREDIENTS INC.,0.4700,-8.56%,0.4800,0.5700,0.4510,"796,701"
ABPRO HOLDINGS INC,0.9513,-7.64%,1.0300,1.1478,0.9513,"70,847"
ABSCI CORP.,3.71,-2.88%,3.90,4.01,3.63,"3,554,895"
ABVC BIOPHARMA INC.,0.5170,-0.58%,0.5200,0.5264,0.5030,"88,004"
AC IMMUNE SA,2.75,+1.85%,2.75,2.80,2.73,"538,958"
ACACIA RESEARCH,4.36,-0.46%,4.40,4.53,4.34,"138,328"
ACADEMY SPORTS AND OUTDOORS,52.31,-4.33%,54.33,54.80,51.90,"1,846,888"
ACADIA HEALTHCARE CO.,45.11,+0.02%,45.11,45.41,44.75,"978,342"
ACADIA PHARMACEUTICALS INC.,18.66,-0.16%,18.77,19.00,18.53,"1,236,077"
ACCELERATE DIAGNOSTICS INC.,1.35,+2.27%,1.35,1.37,1.30,"16,111"
ACCOLADE INC.,6.89,+0.15%,6.87,6.91,6.87,"1,677,385"
ACCURAY INC.,2.23,-3.88%,2.33,2.33,2.22,"510,444"
ACELYRIN INC.,1.97,-0.51%,2.02,2.04,1.91,"676,492"
ACHIEVE LIFE SCIENCES INC.,3.27,+0.93%,3.26,3.39,3.17,"261,604"
ACHILLES THERAPEUTICS PLC ADS,1.13,+0.89%,1.12,1.14,1.11,"233,892"
ACI WORLDWIDE INC.,53.55,-1.47%,54.47,54.71,53.26,"527,855"
ACLARION INC.,7.10,-15.48%,7.81,8.36,6.27,"706,329"
ACLARIS THERAPEUTICS INC.,2.48,+3.77%,2.50,2.60,2.37,"2,883,554"
ACM RESEARCH INC.,20.55,+0.05%,20.65,21.73,20.51,"2,520,996"
ACNB CORP.,41.10,+0.24%,41.03,41.59,40.44,"28,914"
ACRIVON THERAPEUTICS INC.,6.07,+4.84%,5.94,6.28,5.88,"27,720"
ACTELIS NETWORKS INC.,1.29,-0.77%,1.32,1.36,1.26,"144,770"
ACTUATE THERAPEUTICS INC.,9.03,+2.27%,9.03,9.79,8.75,"18,131"
ACUMEN PHARMACEUTICALS INC.,1.50,-3.85%,1.59,1.62,1.50,"285,108"
ACURX PHARMACEUTICALS INC.,0.7306,-3.74%,0.7600,0.7600,0.7170,"105,568"
ACV AUCTIONS INC.,21.16,-2.44%,21.69,21.83,20.88,"1,356,261"
ADAGENE INC. ADS,1.90,+2.70%,1.81,1.95,1.80,"39,488"
ADAGIO MEDICAL HLD.,1.17,+17.00%,0.99,1.22,0.96,"622,458"
ADAPTHEALTH CORP.,10.82,+1.03%,10.69,10.91,10.62,"826,352"
ADAPTIMMUNE THERAPEUTICS PLC ADS,0.5900,-3.12%,0.6098,0.6098,0.5708,"621,258"
ADAPTIVE BIOTECHNOLOGIES,7.75,-1.40%,7.96,8.23,7.68,"901,499"
ADDENTAX GROUP CORP.,0.6597,-4.60%,0.6800,0.6800,0.6294,"4,239"
ADDEX THERAPEUTICS LTD ADS,7.70,+5.34%,7.79,7.81,7.57,"6,955"
ADDUS HOMECARE CORP.,125.16,-0.93%,126.06,127.72,124.04,"157,610"
ADEIA INC.,12.85,-2.50%,13.20,13.33,12.84,"616,599"
ADIAL PHARMACEUTICALS INC,0.8300,+0.00%,0.8100,0.8400,0.8050,"79,390"
ADICET BIO INC.,0.8850,-0.56%,0.9000,0.9036,0.8700,"108,747"
ADITXT INC.,0.1072,-1.83%,0.1100,0.1120,0.1060,"11,036,690"
ADLAI NORTYE,2.12,+2.91%,2.08,2.14,2.08,"5,049"
ADMA BIOLOGICS INC,16.15,+0.31%,16.17,16.40,15.85,"2,452,656"
ADOBE INC.,437.45,-1.92%,446.98,447.01,435.83,"4,689,083"
ADS-TEC ENERGY PLC,16.18,+0.43%,16.15,16.35,15.46,"918,540"
ADTRAN HOLDINGS INC.,10.37,-2.63%,10.74,10.99,10.34,"1,246,073"
ADURO CLEAN TECHNOLOGIES INC.,6.08,+0.33%,6.12,6.12,5.91,"51,218"
ADVANCED ENERGY INDUSTRIES,115.08,+0.24%,115.06,117.82,114.61,"401,143"
ADVANCED FLOWER CAPITAL INC.,8.14,-0.37%,8.22,8.25,8.12,"83,393"
ADVANCED MICRO DEVICES INC.,115.95,-2.45%,119.14,119.57,115.33,"40,533,565"
ADVANTAGE SOLUTIONS INC.,2.64,-2.94%,2.71,2.73,2.59,"357,038"
ADVENT TECHNOLOGIES HLD.,5.49,+3.00%,5.69,5.77,5.29,"8,850"
ADVERUM BIOTECHNOLOGIES INC.,4.22,-4.31%,4.37,4.53,4.20,"149,858"
AEHR TEST SYSTEMS,11.33,-0.09%,11.36,11.90,11.21,"612,308"
AEMETIS INC,2.31,+0.43%,2.30,2.37,2.28,"504,565"
AERIES TECHNOLOGY INC.  ORD.,0.6037,+0.00%,0.6343,0.7499,0.5222,"256,589"
AEROVATE THERAPEUTICS INC.,2.62,+0.00%,2.62,2.70,2.56,"141,622"
AEROVIRONMENT INC.,180.15,+4.75%,174.00,182.60,171.53,"400,254"
AERSALE CORP.,6.77,-0.44%,6.77,6.86,6.66,"250,589"
AETHLON MEDICAL INC.,0.6999,-4.52%,0.7180,0.7199,0.6800,"812,560"
AEVA TECHNOLOGIES INC.,4.24,+4.69%,4.05,4.62,4.05,"569,101"
AEYE INC.,0.9235,-1.86%,0.9377,0.9800,0.8714,"1,419,490"
AFFIMED N.V.,1.01,+3.06%,1.00,1.06,0.98,"134,071"
AFFINITY BANCSHARES INC.,18.25,-1.03%,18.52,18.52,18.17,"22,500"
AFFIRM HOLDINGS INC.,61.07,-1.66%,62.72,63.09,60.02,"4,230,532"
AFYA LTD.,16.15,-4.10%,15.96,16.36,15.78,"140,092"
AGAPE ATP CORP.,1.40,-2.10%,1.43,1.44,1.37,"124,672"
AGENUS INC.,3.80,+7.34%,3.66,4.10,3.55,"687,855"
AGILYSYS INC.,90.22,-1.68%,92.43,92.68,89.76,"312,000"
AGIOS PHARMACEUTICALS INC.,34.39,-0.43%,34.60,35.08,33.65,"660,651"
AGM GROUP HOLDINGS INC.,0.8900,+2.29%,0.8890,0.8935,0.8730,"73,207"
AGNC INVESTMENT,25.62,-1.00%,25.81,25.95,25.62,"184,592"
AGNC INVESTMENT,25.26,-0.59%,25.42,25.45,25.23,"51,231"
AGNC INVESTMENT,9.97,-1.09%,9.97,10.06,9.91,"29,666,195"
AGNC INVESTMENT,24.29,-1.62%,24.62,24.68,24.25,"82,580"
AGNC INVESTMENT,25.05,-1.07%,25.28,25.28,25.01,"83,455"
AGNC INVESTMENT,24.73,+0.12%,24.75,24.93,24.73,"101,691"
AGORA INC. ADS,5.59,-7.60%,5.99,5.99,5.36,"1,696,807"
AGRICULTURE & NATURAL SOLUTIONS ACQUISI,10.65,+0.00%,10.80,10.85,10.65,"1,209"
AGRICULTURE & NATURAL SOLUTIONS ACQUISI,10.52,-0.09%,10.52,10.53,10.52,"8,264"
AGRIFORCE  GROWING SYSTEMS,2.34,-2.50%,2.41,2.44,2.29,"83,733"
AGRIFY CORP.,23.71,+16.97%,20.76,25.72,20.76,"42,831"
AI TRANSPORTATION ACQUISITION CORP,10.83,+0.00%,10.83,10.83,10.83,647
AI TRANSPORTATION ACQUISITION CORP RIGH,0.1200,+0.00%,0.1225,0.1225,0.1200,784
AI TRANSPORTATION ACQUISITION CORP UNIT,10.93,+0.00%,10.93,10.93,10.93,210
AIMEI HEALTH TECHNOLOGY CO. LTD ORD.,10.75,+0.09%,10.73,10.75,10.72,"2,520"
AIMEI HEALTH TECHNOLOGY CO. LTD RIGHT,0.2500,+0.00%,0.2300,0.2500,0.2300,"5,000"
AIMEI HEALTH TECHNOLOGY CO. LTD UNIT,10.75,+0.00%,11.20,11.20,10.75,322
